mean,entropy,energy,cont,homo
0.0675669825354288,0.35308902330636,0.856478065027668,0.0185020216572612,0.990748989171369
0.183607668490023,0.685829735591826,0.622382901672155,0.0859073359073359,0.957046332046332
